{
  "predictions": [
    {
      "obscene": 0.009075585752725601,
      "threat": 0.0022229510359466076,
      "insult": 0.03776506707072258,
      "netural": 0.90000000
    }
  ]
}